depth,variant,block,stage,position,act_rms,grad_norm,weight_norm,relative
20,resnet,0,stage1,0.0,1.1021336764097214,0.37911956327674307,7.945661418984063,0.04771403452592843
20,resnet,1,stage1,0.125,1.4244645684957504,0.2534901455174109,7.956949509812726,0.031857704413582114
20,resnet,2,stage1,0.25,1.757374420762062,0.21879208871042238,8.045517653270176,0.027194283592366773
20,resnet,3,stage2,0.375,1.4475392252206802,0.3318113590816837,9.771483984609226,0.0339571102612776
20,resnet,4,stage2,0.5,1.68685744702816,0.2782025020047703,11.243458011349468,0.024743499884461236
20,resnet,5,stage2,0.625,1.8766128867864609,0.2618107592752336,11.385334057637655,0.02299543939157432
20,resnet,6,stage3,0.75,1.515422523021698,0.3443949749908881,13.862675047062497,0.024843327411318457
20,resnet,7,stage3,0.875,1.7584362775087357,0.3234122587757771,16.022837790840363,0.020184455649963542
20,resnet,8,stage3,1.0,1.9697111397981644,0.36635122222436645,15.957476374605534,0.02295796738934057
20,plain,0,stage1,0.0,0.7034053057432175,0.9133732231024789,7.945661418984063,0.11495244699455913
20,plain,1,stage1,0.125,0.7404180765151978,0.5980715325705811,7.956949509812726,0.07516341932709553
20,plain,2,stage1,0.25,0.7137408554553986,0.44098339461238667,8.045517653270176,0.054811065442525606
20,plain,3,stage2,0.375,0.6952718645334244,0.4159065892195322,9.771483984609226,0.04256329845851606
20,plain,4,stage2,0.5,0.7247281968593597,0.2923284288008416,11.243458011349468,0.025999868412881245
20,plain,5,stage2,0.625,0.6950597614049911,0.20943202742168024,11.385334057637655,0.018394895253968098
20,plain,6,stage3,0.75,0.7061804309487343,0.21426166288600756,13.862675047062497,0.015456011351244192
20,plain,7,stage3,0.875,0.7088562399148941,0.16898312606461913,16.022837790840363,0.01054639186082382
20,plain,8,stage3,1.0,0.70529455691576,0.17814226284421236,15.957476374605534,0.011163561120961773
32,resnet,0,stage1,0.0,1.091062143445015,0.7351166729644463,7.961041480705871,0.0923392592220568
32,resnet,1,stage1,0.07142857142857142,1.3185414373874664,0.5274181803506055,7.934453184231644,0.06647190021850001
32,resnet,2,stage1,0.14285714285714285,1.596089392900467,0.3881107476736762,7.900384951519904,0.0491255489517647
32,resnet,3,stage1,0.21428571428571427,1.8006413727998734,0.3230154547585252,8.143423232858703,0.039665807059512545
32,resnet,4,stage1,0.2857142857142857,1.9990824311971664,0.2909567598474516,7.921389231939787,0.03673052179714722
32,resnet,5,stage2,0.35714285714285715,1.6636425405740738,0.396822676930878,9.862723723413566,0.04023459320763926
32,resnet,6,stage2,0.42857142857142855,1.8468448370695114,0.4039047232089815,11.212845377456171,0.03602160821918106
32,resnet,7,stage2,0.5,2.065935641527176,0.3321942080339707,11.286015315119647,0.02943414471438266
32,resnet,8,stage2,0.5714285714285714,2.2809538543224335,0.3109883370472478,11.264482797397806,0.027607866480926124
32,resnet,9,stage2,0.6428571428571429,2.442667841911316,0.29350444355115,11.320321598404728,0.02592721779145488
32,resnet,10,stage3,0.7142857142857143,1.9186550378799438,0.42780787902533474,13.910734743613572,0.030753794598933147
32,resnet,11,stage3,0.7857142857142857,2.0910843312740326,0.413211832423654,16.03266814207499,0.02577311703591309
32,resnet,12,stage3,0.8571428571428571,2.2406522929668427,0.4272306309827982,15.954450621344073,0.026778147435001207
32,resnet,13,stage3,0.9285714285714286,2.402433544397354,0.413705506399207,15.991017204217684,0.02587111883602319
32,resnet,14,stage3,1.0,2.5540300011634827,0.40950523396962535,15.939305102279544,0.025691536195706573
32,plain,0,stage1,0.0,0.7347188964486122,5.751047155660126,7.961041480705871,0.7223988431159645
32,plain,1,stage1,0.07142857142857142,0.6812819167971611,3.9436098446395222,7.934453184231644,0.4970235192107209
32,plain,2,stage1,0.14285714285714285,0.7009255737066269,2.835970136156102,7.900384951519904,0.3589660698255606
32,plain,3,stage1,0.21428571428571427,0.6850764453411102,1.9769168049550196,8.143423232858703,0.24276237995075126
32,plain,4,stage1,0.2857142857142857,0.6836267709732056,1.489278811063377,7.921389231939787,0.1880072759281244
32,plain,5,stage2,0.35714285714285715,0.7022561356425285,1.4231487792071673,9.862723723413566,0.14429571577967756
32,plain,6,stage2,0.42857142857142855,0.6921959742903709,1.0272308532404575,11.212845377456171,0.09161196990246044
32,plain,7,stage2,0.5,0.712016299366951,0.7248586617545097,11.286015315119647,0.06422626954824624
32,plain,8,stage2,0.5714285714285714,0.7380311787128448,0.5019173192850639,11.264482797397806,0.04455751127792669
32,plain,9,stage2,0.6428571428571429,0.696798786520958,0.37276798604158046,11.320321598404728,0.03292909859505328
32,plain,10,stage3,0.7142857142857143,0.7045169249176979,0.3769646707369621,13.910734743613572,0.027098832497688654
32,plain,11,stage3,0.7857142857142857,0.6858442574739456,0.2840520563094784,16.03266814207499,0.017717079514920693
32,plain,12,stage3,0.8571428571428571,0.6985010355710983,0.21151233517630216,15.954450621344073,0.013257262202017674
32,plain,13,stage3,0.9285714285714286,0.7000641524791718,0.1713158976575424,15.991017204217684,0.010713258291808808
32,plain,14,stage3,1.0,0.6958255171775818,0.2143357349627644,15.939305102279544,0.013446993679298564
56,resnet,0,stage1,0.0,1.0675486624240875,1.3972759816975313,7.817213299907142,0.1787434892833395
56,resnet,1,stage1,0.038461538461538464,1.3580493181943893,0.9384086890725494,7.912873641076518,0.11859265440574913
56,resnet,2,stage1,0.07692307692307693,1.6225696057081223,0.7465028126624673,8.012657880492243,0.09316544195402578
56,resnet,3,stage1,0.11538461538461539,1.852998822927475,0.5706390299949838,7.935521277147676,0.07190945749692362
56,resnet,4,stage1,0.15384615384615385,2.0932062566280365,0.4843067060364844,8.10141370704733,0.05978051776508973
56,resnet,5,stage1,0.19230769230769232,2.3034818172454834,0.4349159502373453,8.041490846072376,0.05408399494103346
56,resnet,6,stage1,0.23076923076923078,2.4851430356502533,0.3962604165967518,7.997432177423896,0.049548456030094626
56,resnet,7,stage1,0.2692307692307692,2.6775249540805817,0.35053773202000804,7.89480945185683,0.044401037689081005
56,resnet,8,stage1,0.3076923076923077,2.797958195209503,0.34267819155627777,7.849326047698374,0.04365702093070269
56,resnet,9,stage2,0.34615384615384615,2.137470841407776,0.46180094280915057,9.856644967340918,0.04685173751710499
56,resnet,10,stage2,0.38461538461538464,2.3191147446632385,0.4430722492555137,11.24375335201364,0.03940608045943698
56,resnet,11,stage2,0.4230769230769231,2.5033046305179596,0.4315071187596331,11.309401788650833,0.03815472531824428
56,resnet,12,stage2,0.46153846153846156,2.6490117609500885,0.4057880992838877,11.312836531380722,0.03586970413284683
56,resnet,13,stage2,0.5,2.794778734445572,0.37673375764180717,11.3391830456852,0.03322406527207111
56,resnet,14,stage2,0.5384615384615384,2.942660927772522,0.3670167269417096,11.350652102924355,0.03233441775976486
56,resnet,15,stage2,0.5769230769230769,3.1027364432811737,0.3764840399482121,11.193639849914755,0.03363374603758394
56,resnet,16,stage2,0.6153846153846154,3.2526576220989227,0.3381275171106909,11.372250738223606,0.029732682201088
56,resnet,17,stage2,0.6538461538461539,3.3715627789497375,0.364278675597656,11.310037250002122,0.03220844171822579
56,resnet,18,stage3,0.6923076923076923,2.548198640346527,0.4059347591449379,13.815449119333634,0.029382668318532194
56,resnet,19,stage3,0.7307692307692307,2.6975844502449036,0.42231921503800396,15.970663833149967,0.02644343525416927
56,resnet,20,stage3,0.7692307692307693,2.843130201101303,0.4098478195844488,15.978777877805978,0.025649509788462272
56,resnet,21,stage3,0.8076923076923077,2.995983809232712,0.41487705824518184,16.012401066518382,0.025909734369112303
56,resnet,22,stage3,0.8461538461538461,3.1286705434322357,0.40938630270920306,16.06648127869668,0.025480769286553615
56,resnet,23,stage3,0.8846153846153846,3.2627320289611816,0.39041392661759255,15.98789329253838,0.024419347782349814
56,resnet,24,stage3,0.9230769230769231,3.3883537352085114,0.39707069845956205,15.974631702553475,0.024856328825164215
56,resnet,25,stage3,0.9615384615384616,3.519370436668396,0.38041777655259834,16.037861849240144,0.023719980888264235
56,resnet,26,stage3,1.0,3.648562431335449,0.3692617916014732,15.998851019612436,0.023080519416601105
56,plain,0,stage1,0.0,0.6964715272188187,378.453730347562,7.817213299907142,48.41286988447117
56,plain,1,stage1,0.038461538461538464,0.686767153441906,240.72966552800307,7.912873641076518,30.42253376552752
56,plain,2,stage1,0.07692307692307693,0.6936270073056221,169.5946228365189,8.012657880492243,21.16583852274748
56,plain,3,stage1,0.11538461538461539,0.6838042885065079,119.3561152919535,7.935521277147676,15.040740377783294
56,plain,4,stage1,0.15384615384615385,0.6963509246706963,83.39387755629883,8.10141370704733,10.293743854082582
56,plain,5,stage1,0.19230769230769232,0.7183845937252045,58.67452489904649,8.041490846072376,7.296473504997434
56,plain,6,stage1,0.23076923076923078,0.7189819887280464,40.45097457549501,7.997432177423896,5.057995326260452
56,plain,7,stage1,0.2692307692307692,0.7502360418438911,29.872853495245305,7.89480945185683,3.7838599750142574
56,plain,8,stage1,0.3076923076923077,0.6840218082070351,22.342549380602428,7.849326047698374,2.846429011208401
56,plain,9,stage2,0.34615384615384615,0.7018579915165901,19.353322138337987,9.856644967340918,1.963479683245509
56,plain,10,stage2,0.38461538461538464,0.7038243487477303,14.12394948646782,11.24375335201364,1.256159668776296
56,plain,11,stage2,0.4230769230769231,0.7263962849974632,9.779983430785855,11.309401788650833,0.8647657598123559
56,plain,12,stage2,0.46153846153846156,0.7037899792194366,7.044132281064728,11.312836531380722,0.6226672030065123
56,plain,13,stage2,0.5,0.6895939409732819,4.998801023299713,11.3391830456852,0.44084313686089255
56,plain,14,stage2,0.5384615384615384,0.7017189040780067,3.5424161726516354,11.350652102924355,0.3120892210007014
56,plain,15,stage2,0.5769230769230769,0.7065118551254272,2.4820490973204064,11.193639849914755,0.22173744470966775
56,plain,16,stage2,0.6153846153846154,0.7098161727190018,1.7541787150748873,11.372250738223606,0.15425079480343024
56,plain,17,stage2,0.6538461538461539,0.7067163065075874,1.2703582080317655,11.310037250002122,0.11232131070404097
56,plain,18,stage3,0.6923076923076923,0.714752160012722,1.2595463145557404,13.815449119333634,0.09116940778950895
56,plain,19,stage3,0.7307692307692307,0.6959931254386902,0.9573639781134916,15.970663833149967,0.059945158705695854
56,plain,20,stage3,0.7692307692307693,0.7150520458817482,0.6649159482708409,15.978777877805978,0.04161244078587439
56,plain,21,stage3,0.8076923076923077,0.708514004945755,0.4850554032926338,16.012401066518382,0.030292484011462537
56,plain,22,stage3,0.8461538461538461,0.7089924067258835,0.3584880918531701,16.06648127869668,0.0223127942973118
56,plain,23,stage3,0.8846153846153846,0.6966541111469269,0.2687856673120712,15.98789329253838,0.016811825197602152
56,plain,24,stage3,0.9230769230769231,0.70306546241045,0.20802093790462972,15.974631702553475,0.013021955171046509
56,plain,25,stage3,0.9615384615384616,0.7099308297038078,0.2056653974779857,16.037861849240144,0.012823741681484174
56,plain,26,stage3,1.0,0.7146743014454842,0.3523195008593699,15.998851019612436,0.02202155019929079
